{
  "01_Data base documents/01-02_Bundesländer- Gesetze und Verordnungen/01.Wien/2_AT_W_W_VE_Gesamte Rechtsvorschrift für Spielplatzverordnung_.pdf": {
    "size": 33300,
    "modified": 1760306054.409022,
    "hash": "6a78bea87fe72beff88caf0ebe9d5c2c"
  },
  "01_Data base documents/03_OIB Richtlinien/2023/3_AT_0_0_OIB_OIB-Richtlinie 2 Brandschutz Ausgabe Mai 2023_OIB-330.2-029_23.pdf": {
    "size": 1975942,
    "modified": 1760306054.9350545,
    "hash": "e422dbdbda94339f23b684df8382a9ed"
  },
  "01_Data base documents/03_OIB Richtlinien/2023/3_AT_0_0_OIB_OIB-Richtlinie 4 Nutzungssicherheit und Barrierefreiheit Ausgabe Mai 2023_OIB-330.4-026_23.pdf": {
    "size": 1125128,
    "modified": 1760306054.9644613,
    "hash": "5831c928553cd47d24a93093e226e972"
  },
  "01_Data base documents/04_ÖNORM/4_AT_0_0_OEN_B 1800 Ermittlung von Flächen und Rauminhalten.pdf": {
    "size": 3420307,
    "modified": 1760306055.1813447,
    "hash": "4feaf2e0e510ee9aed0802291e80b231"
  },
  "01_Data base documents/04_ÖNORM/4_AT_0_0_OEN_B 5371 Treppen, Geländer ung Brüstungen in Gebäuden und von Außenanlagen - Abmessungen.pdf": {
    "size": 1302565,
    "modified": 1760306055.2023299,
    "hash": "bf972a1ed6608fb6ceda618e35df28fa"
  },
  "01_Data base documents/01-02_Bundesländer- Gesetze und Verordnungen/04. OBERÖSTERREICH/1_AT_OOE_0_GE_Oberösterreichische Bauordnung 1994_LGBl.Nr. 66_1994.pdf": {
    "size": 451736,
    "modified": 1760306054.6285574,
    "hash": "811767c2362249c93c6fca8f47468040"
  },
  "01_Data base documents/01-02_Bundesländer- Gesetze und Verordnungen/04. OBERÖSTERREICH/2_AT_OOE_0_VE_Bautechnikverordnung 2013 – BauTV 2013_LGBl.Nr. 36_2013.pdf": {
    "size": 254666,
    "modified": 1760306054.6555376,
    "hash": "10bdb0ca6d2e67c77529922301a4e464"
  },
  "01_Data base documents/01-02_Bundesländer- Gesetze und Verordnungen/04. OBERÖSTERREICH/1_AT_OOE_0_GE_Oö. Wohnbauförderungsgesetz 1993_LGBl.Nr. 6_1993.pdf": {
    "size": 268703,
    "modified": 1760306054.6339662,
    "hash": "b5147deb8938ef391b83caa1a5359f94"
  },
  "01_Data base documents/01-02_Bundesländer- Gesetze und Verordnungen/04. OBERÖSTERREICH/1_AT_OOE_0_VE_Gesamte Rechtsvorschrift für Planzeichenverordnung für Flächenwidmungspläne 2021_LGBl.Nr. 37_2021.pdf": {
    "size": 5785637,
    "modified": 1760306054.6497822,
    "hash": "6592db05beeca4c1e363cef783c2b5b2"
  },
  "01_Data base documents/01-02_Bundesländer- Gesetze und Verordnungen/04. OBERÖSTERREICH/1_AT_OOE_0_GE_Abfallwirtschaftsgesetz 2009_LGBl.Nr. 71_2009.pdf": {
    "size": 295890,
    "modified": 1760306054.6110792,
    "hash": "b066370358298e8db31563f7ae4c1ad3"
  },
  "01_Data base documents/01-02_Bundesländer- Gesetze und Verordnungen/04. OBERÖSTERREICH/1_AT_OOE_0_GE_Oberösterreichisches Raumordnungsgesetz 1994_LGBl.Nr. 114_1993.pdf": {
    "size": 398024,
    "modified": 1760306054.6307094,
    "hash": "ae775193fa0de8a829ca251d2e988756"
  },
  "01_Data base documents/01-02_Bundesländer- Gesetze und Verordnungen/01.Wien/2_AT_W_W_VE_Gesamte Rechtsvorschrift für Baupläne - Bauplanverordnung_LGBl. Nr. 11_1930.pdf": {
    "size": 22457,
    "modified": 1760306054.4065228,
    "hash": "1b7e08743473e29cec0afdc43792d58d"
  },
  "01_Data base documents/03_OIB Richtlinien/2023/3_AT_0_0_OIB_OIB-Richtlinie 1 Ausgabe Mai 2023 Mechanische Festigkeit und Standsicherheit_OIB-330.1-004_23.pdf": {
    "size": 834440,
    "modified": 1760306054.9192827,
    "hash": "8ecf246c44239a168bf8311a45b5ec32"
  },
  "01_Data base documents/04_ÖNORM/4_AT_0_0_OEN_B 1600 Barrierefreies Bauen.pdf": {
    "size": 12478395,
    "modified": 1760306055.1717768,
    "hash": "4e75d7301b7b1d52adc4e2f39f975e3e"
  },
  "01_Data base documents/03_OIB Richtlinien/2023/3_AT_0_0_OIB_OIB-Richtlinie 3 Hygiene, Gesundheit und Umweltschutz Ausgabe Mai 2023_OIB-330.3-011_23.pdf": {
    "size": 1012020,
    "modified": 1762374964.0475602,
    "hash": "d59b0cbf09104984fcf3b748a7497c97"
  }
}